Workbook

Sheet Rangos
A1: Rangos de estadísticas por rareza y posición
A2: Todo lo de esta hoja se calcula solo desde la hoja Parametros. No escribas números aquí.
A4: Rareza | B4: Nombre | C4: Posición | D4: Puesto | E4: Ataque mín | F4: Ataque máx | G4: Defensa mín | H4: Defensa máx | I4: Técnica mín | J4: Técnica máx
A5: 1 | B5: Común | C5: POR | D5: Portero | E5: =MAX(Parametros!$B$15,MAX(Parametros!$B$15,MIN(Parametros!$B$16,ROUND(INDEX(Parametros!$B$10:$B$13,MATCH($C5,Parametros!$A$10:$A$13,0))+INDEX(Parametros!$C$10:$C$13,MATCH($C5,Parametros!$A$10:$A$13,0))*$A5,0)))-Parametros!$B$3) | F5: =MIN(Parametros!$B$16,MAX(Parametros!$B$15,MIN(Parametros!$B$16,ROUND(INDEX(Parametros!$B$10:$B$13,MATCH($C5,Parametros!$A$10:$A$13,0))+INDEX(Parametros!$C$10:$C$13,MATCH($C5,Parametros!$A$10:$A$13,0))*$A5,0)))+Parametros!$B$3) | G5: =MAX(Parametros!$B$15,MAX(Parametros!$B$15,MIN(Parametros!$B$16,ROUND(INDEX(Parametros!$D$10:$D$13,MATCH($C5,Parametros!$A$10:$A$13,0))+INDEX(Parametros!$E$10:$E$13,MATCH($C5,Parametros!$A$10:$A$13,0))*$A5,0)))-Parametros!$B$3) | H5: =MIN(Parametros!$B$16,MAX(Parametros!$B$15,MIN(Parametros!$B$16,ROUND(INDEX(Parametros!$D$10:$D$13,MATCH($C5,Parametros!$A$10:$A$13,0))+INDEX(Parametros!$E$10:$E$13,MATCH($C5,Parametros!$A$10:$A$13,0))*$A5,0)))+Parametros!$B$3) | I5: =MAX(Parametros!$B$15,MAX(Parametros!$B$15,MIN(Parametros!$B$16,ROUND(INDEX(Parametros!$F$10:$F$13,MATCH($C5,Parametros!$A$10:$A$13,0))+INDEX(Parametros!$G$10:$G$13,MATCH($C5,Parametros!$A$10:$A$13,0))*$A5,0)))-Parametros!$B$3) | J5: =MIN(Parametros!$B$16,MAX(Parametros!$B$15,MIN(Parametros!$B$16,ROUND(INDEX(Parametros!$F$10:$F$13,MATCH($C5,Parametros!$A$10:$A$13,0))+INDEX(Parametros!$G$10:$G$13,MATCH($C5,Parametros!$A$10:$A$13,0))*$A5,0)))+Parametros!$B$3)
A6: 1 | B6: Común | C6: DF | D6: Defensa | E6: =MAX(Parametros!$B$15,MAX(Parametros!$B$15,MIN(Parametros!$B$16,ROUND(INDEX(Parametros!$B$10:$B$13,MATCH($C6,Parametros!$A$10:$A$13,0))+INDEX(Parametros!$C$10:$C$13,MATCH($C6,Parametros!$A$10:$A$13,0))*$A6,0)))-Parametros!$B$3) | F6: =MIN(Parametros!$B$16,MAX(Parametros!$B$15,MIN(Parametros!$B$16,ROUND(INDEX(Parametros!$B$10:$B$13,MATCH($C6,Parametros!$A$10:$A$13,0))+INDEX(Parametros!$C$10:$C$13,MATCH($C6,Parametros!$A$10:$A$13,0))*$A6,0)))+Parametros!$B$3) | G6: =MAX(Parametros!$B$15,MAX(Parametros!$B$15,MIN(Parametros!$B$16,ROUND(INDEX(Parametros!$D$10:$D$13,MATCH($C6,Parametros!$A$10:$A$13,0))+INDEX(Parametros!$E$10:$E$13,MATCH($C6,Parametros!$A$10:$A$13,0))*$A6,0)))-Parametros!$B$3) | H6: =MIN(Parametros!$B$16,MAX(Parametros!$B$15,MIN(Parametros!$B$16,ROUND(INDEX(Parametros!$D$10:$D$13,MATCH($C6,Parametros!$A$10:$A$13,0))+INDEX(Parametros!$E$10:$E$13,MATCH($C6,Parametros!$A$10:$A$13,0))*$A6,0)))+Parametros!$B$3) | I6: =MAX(Parametros!$B$15,MAX(Parametros!$B$15,MIN(Parametros!$B$16,ROUND(INDEX(Parametros!$F$10:$F$13,MATCH($C6,Parametros!$A$10:$A$13,0))+INDEX(Parametros!$G$10:$G$13,MATCH($C6,Parametros!$A$10:$A$13,0))*$A6,0)))-Parametros!$B$3) | J6: =MIN(Parametros!$B$16,MAX(Parametros!$B$15,MIN(Parametros!$B$16,ROUND(INDEX(Parametros!$F$10:$F$13,MATCH($C6,Parametros!$A$10:$A$13,0))+INDEX(Parametros!$G$10:$G$13,MATCH($C6,Parametros!$A$10:$A$13,0))*$A6,0)))+Parametros!$B$3)
A7: 1 | B7: Común | C7: MC | D7: Centrocampista | E7: =MAX(Parametros!$B$15,MAX(Parametros!$B$15,MIN(Parametros!$B$16,ROUND(INDEX(Parametros!$B$10:$B$13,MATCH($C7,Parametros!$A$10:$A$13,0))+INDEX(Parametros!$C$10:$C$13,MATCH($C7,Parametros!$A$10:$A$13,0))*$A7,0)))-Parametros!$B$3) | F7: =MIN(Parametros!$B$16,MAX(Parametros!$B$15,MIN(Parametros!$B$16,ROUND(INDEX(Parametros!$B$10:$B$13,MATCH($C7,Parametros!$A$10:$A$13,0))+INDEX(Parametros!$C$10:$C$13,MATCH($C7,Parametros!$A$10:$A$13,0))*$A7,0)))+Parametros!$B$3) | G7: =MAX(Parametros!$B$15,MAX(Parametros!$B$15,MIN(Parametros!$B$16,ROUND(INDEX(Parametros!$D$10:$D$13,MATCH($C7,Parametros!$A$10:$A$13,0))+INDEX(Parametros!$E$10:$E$13,MATCH($C7,Parametros!$A$10:$A$13,0))*$A7,0)))-Parametros!$B$3) | H7: =MIN(Parametros!$B$16,MAX(Parametros!$B$15,MIN(Parametros!$B$16,ROUND(INDEX(Parametros!$D$10:$D$13,MATCH($C7,Parametros!$A$10:$A$13,0))+INDEX(Parametros!$E$10:$E$13,MATCH($C7,Parametros!$A$10:$A$13,0))*$A7,0)))+Parametros!$B$3) | I7: =MAX(Parametros!$B$15,MAX(Parametros!$B$15,MIN(Parametros!$B$16,ROUND(INDEX(Parametros!$F$10:$F$13,MATCH($C7,Parametros!$A$10:$A$13,0))+INDEX(Parametros!$G$10:$G$13,MATCH($C7,Parametros!$A$10:$A$13,0))*$A7,0)))-Parametros!$B$3) | J7: =MIN(Parametros!$B$16,MAX(Parametros!$B$15,MIN(Parametros!$B$16,ROUND(INDEX(Parametros!$F$10:$F$13,MATCH($C7,Parametros!$A$10:$A$13,0))+INDEX(Parametros!$G$10:$G$13,MATCH($C7,Parametros!$A$10:$A$13,0))*$A7,0)))+Parametros!$B$3)
A8: 1 | B8: Común | C8: DC | D8: Delantero | E8: =MAX(Parametros!$B$15,MAX(Parametros!$B$15,MIN(Parametros!$B$16,ROUND(INDEX(Parametros!$B$10:$B$13,MATCH($C8,Parametros!$A$10:$A$13,0))+INDEX(Parametros!$C$10:$C$13,MATCH($C8,Parametros!$A$10:$A$13,0))*$A8,0)))-Parametros!$B$3) | F8: =MIN(Parametros!$B$16,MAX(Parametros!$B$15,MIN(Parametros!$B$16,ROUND(INDEX(Parametros!$B$10:$B$13,MATCH($C8,Parametros!$A$10:$A$13,0))+INDEX(Parametros!$C$10:$C$13,MATCH($C8,Parametros!$A$10:$A$13,0))*$A8,0)))+Parametros!$B$3) | G8: =MAX(Parametros!$B$15,MAX(Parametros!$B$15,MIN(Parametros!$B$16,ROUND(INDEX(Parametros!$D$10:$D$13,MATCH($C8,Parametros!$A$10:$A$13,0))+INDEX(Parametros!$E$10:$E$13,MATCH($C8,Parametros!$A$10:$A$13,0))*$A8,0)))-Parametros!$B$3) | H8: =MIN(Parametros!$B$16,MAX(Parametros!$B$15,MIN(Parametros!$B$16,ROUND(INDEX(Parametros!$D$10:$D$13,MATCH($C8,Parametros!$A$10:$A$13,0))+INDEX(Parametros!$E$10:$E$13,MATCH($C8,Parametros!$A$10:$A$13,0))*$A8,0)))+Parametros!$B$3) | I8: =MAX(Parametros!$B$15,MAX(Parametros!$B$15,MIN(Parametros!$B$16,ROUND(INDEX(Parametros!$F$10:$F$13,MATCH($C8,Parametros!$A$10:$A$13,0))+INDEX(Parametros!$G$10:$G$13,MATCH($C8,Parametros!$A$10:$A$13,0))*$A8,0)))-Parametros!$B$3) | J8: =MIN(Parametros!$B$16,MAX(Parametros!$B$15,MIN(Parametros!$B$16,ROUND(INDEX(Parametros!$F$10:$F$13,MATCH($C8,Parametros!$A$10:$A$13,0))+INDEX(Parametros!$G$10:$G$13,MATCH($C8,Parametros!$A$10:$A$13,0))*$A8,0)))+Parametros!$B$3)
A9: 2 | B9: Poco común | C9: POR | D9: Portero | E9: =MAX(Parametros!$B$15,MAX(Parametros!$B$15,MIN(Parametros!$B$16,ROUND(INDEX(Parametros!$B$10:$B$13,MATCH($C9,Parametros!$A$10:$A$13,0))+INDEX(Parametros!$C$10:$C$13,MATCH($C9,Parametros!$A$10:$A$13,0))*$A9,0)))-Parametros!$B$3) | F9: =MIN(Parametros!$B$16,MAX(Parametros!$B$15,MIN(Parametros!$B$16,ROUND(INDEX(Parametros!$B$10:$B$13,MATCH($C9,Parametros!$A$10:$A$13,0))+INDEX(Parametros!$C$10:$C$13,MATCH($C9,Parametros!$A$10:$A$13,0))*$A9,0)))+Parametros!$B$3) | G9: =MAX(Parametros!$B$15,MAX(Parametros!$B$15,MIN(Parametros!$B$16,ROUND(INDEX(Parametros!$D$10:$D$13,MATCH($C9,Parametros!$A$10:$A$13,0))+INDEX(Parametros!$E$10:$E$13,MATCH($C9,Parametros!$A$10:$A$13,0))*$A9,0)))-Parametros!$B$3) | H9: =MIN(Parametros!$B$16,MAX(Parametros!$B$15,MIN(Parametros!$B$16,ROUND(INDEX(Parametros!$D$10:$D$13,MATCH($C9,Parametros!$A$10:$A$13,0))+INDEX(Parametros!$E$10:$E$13,MATCH($C9,Parametros!$A$10:$A$13,0))*$A9,0)))+Parametros!$B$3) | I9: =MAX(Parametros!$B$15,MAX(Parametros!$B$15,MIN(Parametros!$B$16,ROUND(INDEX(Parametros!$F$10:$F$13,MATCH($C9,Parametros!$A$10:$A$13,0))+INDEX(Parametros!$G$10:$G$13,MATCH($C9,Parametros!$A$10:$A$13,0))*$A9,0)))-Parametros!$B$3) | J9: =MIN(Parametros!$B$16,MAX(Parametros!$B$15,MIN(Parametros!$B$16,ROUND(INDEX(Parametros!$F$10:$F$13,MATCH($C9,Parametros!$A$10:$A$13,0))+INDEX(Parametros!$G$10:$G$13,MATCH($C9,Parametros!$A$10:$A$13,0))*$A9,0)))+Parametros!$B$3)
A10: 2 | B10: Poco común | C10: DF | D10: Defensa | E10: =MAX(Parametros!$B$15,MAX(Parametros!$B$15,MIN(Parametros!$B$16,ROUND(INDEX(Parametros!$B$10:$B$13,MATCH($C10,Parametros!$A$10:$A$13,0))+INDEX(Parametros!$C$10:$C$13,MATCH($C10,Parametros!$A$10:$A$13,0))*$A10,0)))-Parametros!$B$3) | F10: =MIN(Parametros!$B$16,MAX(Parametros!$B$15,MIN(Parametros!$B$16,ROUND(INDEX(Parametros!$B$10:$B$13,MATCH($C10,Parametros!$A$10:$A$13,0))+INDEX(Parametros!$C$10:$C$13,MATCH($C10,Parametros!$A$10:$A$13,0))*$A10,0)))+Parametros!$B$3) | G10: =MAX(Parametros!$B$15,MAX(Parametros!$B$15,MIN(Parametros!$B$16,ROUND(INDEX(Parametros!$D$10:$D$13,MATCH($C10,Parametros!$A$10:$A$13,0))+INDEX(Parametros!$E$10:$E$13,MATCH($C10,Parametros!$A$10:$A$13,0))*$A10,0)))-Parametros!$B$3) | H10: =MIN(Parametros!$B$16,MAX(Parametros!$B$15,MIN(Parametros!$B$16,ROUND(INDEX(Parametros!$D$10:$D$13,MATCH($C10,Parametros!$A$10:$A$13,0))+INDEX(Parametros!$E$10:$E$13,MATCH($C10,Parametros!$A$10:$A$13,0))*$A10,0)))+Parametros!$B$3) | I10: =MAX(Parametros!$B$15,MAX(Parametros!$B$15,MIN(Parametros!$B$16,ROUND(INDEX(Parametros!$F$10:$F$13,MATCH($C10,Parametros!$A$10:$A$13,0))+INDEX(Parametros!$G$10:$G$13,MATCH($C10,Parametros!$A$10:$A$13,0))*$A10,0)))-Parametros!$B$3) | J10: =MIN(Parametros!$B$16,MAX(Parametros!$B$15,MIN(Parametros!$B$16,ROUND(INDEX(Parametros!$F$10:$F$13,MATCH($C10,Parametros!$A$10:$A$13,0))+INDEX(Parametros!$G$10:$G$13,MATCH($C10,Parametros!$A$10:$A$13,0))*$A10,0)))+Parametros!$B$3)
A11: 2 | B11: Poco común | C11: MC | D11: Centrocampista | E11: =MAX(Parametros!$B$15,MAX(Parametros!$B$15,MIN(Parametros!$B$16,ROUND(INDEX(Parametros!$B$10:$B$13,MATCH($C11,Parametros!$A$10:$A$13,0))+INDEX(Parametros!$C$10:$C$13,MATCH($C11,Parametros!$A$10:$A$13,0))*$A11,0)))-Parametros!$B$3) | F11: =MIN(Parametros!$B$16,MAX(Parametros!$B$15,MIN(Parametros!$B$16,ROUND(INDEX(Parametros!$B$10:$B$13,MATCH($C11,Parametros!$A$10:$A$13,0))+INDEX(Parametros!$C$10:$C$13,MATCH($C11,Parametros!$A$10:$A$13,0))*$A11,0)))+Parametros!$B$3) | G11: =MAX(Parametros!$B$15,MAX(Parametros!$B$15,MIN(Parametros!$B$16,ROUND(INDEX(Parametros!$D$10:$D$13,MATCH($C11,Parametros!$A$10:$A$13,0))+INDEX(Parametros!$E$10:$E$13,MATCH($C11,Parametros!$A$10:$A$13,0))*$A11,0)))-Parametros!$B$3) | H11: =MIN(Parametros!$B$16,MAX(Parametros!$B$15,MIN(Parametros!$B$16,ROUND(INDEX(Parametros!$D$10:$D$13,MATCH($C11,Parametros!$A$10:$A$13,0))+INDEX(Parametros!$E$10:$E$13,MATCH($C11,Parametros!$A$10:$A$13,0))*$A11,0)))+Parametros!$B$3) | I11: =MAX(Parametros!$B$15,MAX(Parametros!$B$15,MIN(Parametros!$B$16,ROUND(INDEX(Parametros!$F$10:$F$13,MATCH($C11,Parametros!$A$10:$A$13,0))+INDEX(Parametros!$G$10:$G$13,MATCH($C11,Parametros!$A$10:$A$13,0))*$A11,0)))-Parametros!$B$3) | J11: =MIN(Parametros!$B$16,MAX(Parametros!$B$15,MIN(Parametros!$B$16,ROUND(INDEX(Parametros!$F$10:$F$13,MATCH($C11,Parametros!$A$10:$A$13,0))+INDEX(Parametros!$G$10:$G$13,MATCH($C11,Parametros!$A$10:$A$13,0))*$A11,0)))+Parametros!$B$3)
A12: 2 | B12: Poco común | C12: DC | D12: Delantero | E12: =MAX(Parametros!$B$15,MAX(Parametros!$B$15,MIN(Parametros!$B$16,ROUND(INDEX(Parametros!$B$10:$B$13,MATCH($C12,Parametros!$A$10:$A$13,0))+INDEX(Parametros!$C$10:$C$13,MATCH($C12,Parametros!$A$10:$A$13,0))*$A12,0)))-Parametros!$B$3) | F12: =MIN(Parametros!$B$16,MAX(Parametros!$B$15,MIN(Parametros!$B$16,ROUND(INDEX(Parametros!$B$10:$B$13,MATCH($C12,Parametros!$A$10:$A$13,0))+INDEX(Parametros!$C$10:$C$13,MATCH($C12,Parametros!$A$10:$A$13,0))*$A12,0)))+Parametros!$B$3) | G12: =MAX(Parametros!$B$15,MAX(Parametros!$B$15,MIN(Parametros!$B$16,ROUND(INDEX(Parametros!$D$10:$D$13,MATCH($C12,Parametros!$A$10:$A$13,0))+INDEX(Parametros!$E$10:$E$13,MATCH($C12,Parametros!$A$10:$A$13,0))*$A12,0)))-Parametros!$B$3) | H12: =MIN(Parametros!$B$16,MAX(Parametros!$B$15,MIN(Parametros!$B$16,ROUND(INDEX(Parametros!$D$10:$D$13,MATCH($C12,Parametros!$A$10:$A$13,0))+INDEX(Parametros!$E$10:$E$13,MATCH($C12,Parametros!$A$10:$A$13,0))*$A12,0)))+Parametros!$B$3) | I12: =MAX(Parametros!$B$15,MAX(Parametros!$B$15,MIN(Parametros!$B$16,ROUND(INDEX(Parametros!$F$10:$F$13,MATCH($C12,Parametros!$A$10:$A$13,0))+INDEX(Parametros!$G$10:$G$13,MATCH($C12,Parametros!$A$10:$A$13,0))*$A12,0)))-Parametros!$B$3) | J12: =MIN(Parametros!$B$16,MAX(Parametros!$B$15,MIN(Parametros!$B$16,ROUND(INDEX(Parametros!$F$10:$F$13,MATCH($C12,Parametros!$A$10:$A$13,0))+INDEX(Parametros!$G$10:$G$13,MATCH($C12,Parametros!$A$10:$A$13,0))*$A12,0)))+Parametros!$B$3)
A13: 3 | B13: Raro | C13: POR | D13: Portero | E13: =MAX(Parametros!$B$15,MAX(Parametros!$B$15,MIN(Parametros!$B$16,ROUND(INDEX(Parametros!$B$10:$B$13,MATCH($C13,Parametros!$A$10:$A$13,0))+INDEX(Parametros!$C$10:$C$13,MATCH($C13,Parametros!$A$10:$A$13,0))*$A13,0)))-Parametros!$B$3) | F13: =MIN(Parametros!$B$16,MAX(Parametros!$B$15,MIN(Parametros!$B$16,ROUND(INDEX(Parametros!$B$10:$B$13,MATCH($C13,Parametros!$A$10:$A$13,0))+INDEX(Parametros!$C$10:$C$13,MATCH($C13,Parametros!$A$10:$A$13,0))*$A13,0)))+Parametros!$B$3) | G13: =MAX(Parametros!$B$15,MAX(Parametros!$B$15,MIN(Parametros!$B$16,ROUND(INDEX(Parametros!$D$10:$D$13,MATCH($C13,Parametros!$A$10:$A$13,0))+INDEX(Parametros!$E$10:$E$13,MATCH($C13,Parametros!$A$10:$A$13,0))*$A13,0)))-Parametros!$B$3) | H13: =MIN(Parametros!$B$16,MAX(Parametros!$B$15,MIN(Parametros!$B$16,ROUND(INDEX(Parametros!$D$10:$D$13,MATCH($C13,Parametros!$A$10:$A$13,0))+INDEX(Parametros!$E$10:$E$13,MATCH($C13,Parametros!$A$10:$A$13,0))*$A13,0)))+Parametros!$B$3) | I13: =MAX(Parametros!$B$15,MAX(Parametros!$B$15,MIN(Parametros!$B$16,ROUND(INDEX(Parametros!$F$10:$F$13,MATCH($C13,Parametros!$A$10:$A$13,0))+INDEX(Parametros!$G$10:$G$13,MATCH($C13,Parametros!$A$10:$A$13,0))*$A13,0)))-Parametros!$B$3) | J13: =MIN(Parametros!$B$16,MAX(Parametros!$B$15,MIN(Parametros!$B$16,ROUND(INDEX(Parametros!$F$10:$F$13,MATCH($C13,Parametros!$A$10:$A$13,0))+INDEX(Parametros!$G$10:$G$13,MATCH($C13,Parametros!$A$10:$A$13,0))*$A13,0)))+Parametros!$B$3)
A14: 3 | B14: Raro | C14: DF | D14: Defensa | E14: =MAX(Parametros!$B$15,MAX(Parametros!$B$15,MIN(Parametros!$B$16,ROUND(INDEX(Parametros!$B$10:$B$13,MATCH($C14,Parametros!$A$10:$A$13,0))+INDEX(Parametros!$C$10:$C$13,MATCH($C14,Parametros!$A$10:$A$13,0))*$A14,0)))-Parametros!$B$3) | F14: =MIN(Parametros!$B$16,MAX(Parametros!$B$15,MIN(Parametros!$B$16,ROUND(INDEX(Parametros!$B$10:$B$13,MATCH($C14,Parametros!$A$10:$A$13,0))+INDEX(Parametros!$C$10:$C$13,MATCH($C14,Parametros!$A$10:$A$13,0))*$A14,0)))+Parametros!$B$3) | G14: =MAX(Parametros!$B$15,MAX(Parametros!$B$15,MIN(Parametros!$B$16,ROUND(INDEX(Parametros!$D$10:$D$13,MATCH($C14,Parametros!$A$10:$A$13,0))+INDEX(Parametros!$E$10:$E$13,MATCH($C14,Parametros!$A$10:$A$13,0))*$A14,0)))-Parametros!$B$3) | H14: =MIN(Parametros!$B$16,MAX(Parametros!$B$15,MIN(Parametros!$B$16,ROUND(INDEX(Parametros!$D$10:$D$13,MATCH($C14,Parametros!$A$10:$A$13,0))+INDEX(Parametros!$E$10:$E$13,MATCH($C14,Parametros!$A$10:$A$13,0))*$A14,0)))+Parametros!$B$3) | I14: =MAX(Parametros!$B$15,MAX(Parametros!$B$15,MIN(Parametros!$B$16,ROUND(INDEX(Parametros!$F$10:$F$13,MATCH($C14,Parametros!$A$10:$A$13,0))+INDEX(Parametros!$G$10:$G$13,MATCH($C14,Parametros!$A$10:$A$13,0))*$A14,0)))-Parametros!$B$3) | J14: =MIN(Parametros!$B$16,MAX(Parametros!$B$15,MIN(Parametros!$B$16,ROUND(INDEX(Parametros!$F$10:$F$13,MATCH($C14,Parametros!$A$10:$A$13,0))+INDEX(Parametros!$G$10:$G$13,MATCH($C14,Parametros!$A$10:$A$13,0))*$A14,0)))+Parametros!$B$3)
A15: 3 | B15: Raro | C15: MC | D15: Centrocampista | E15: =MAX(Parametros!$B$15,MAX(Parametros!$B$15,MIN(Parametros!$B$16,ROUND(INDEX(Parametros!$B$10:$B$13,MATCH($C15,Parametros!$A$10:$A$13,0))+INDEX(Parametros!$C$10:$C$13,MATCH($C15,Parametros!$A$10:$A$13,0))*$A15,0)))-Parametros!$B$3) | F15: =MIN(Parametros!$B$16,MAX(Parametros!$B$15,MIN(Parametros!$B$16,ROUND(INDEX(Parametros!$B$10:$B$13,MATCH($C15,Parametros!$A$10:$A$13,0))+INDEX(Parametros!$C$10:$C$13,MATCH($C15,Parametros!$A$10:$A$13,0))*$A15,0)))+Parametros!$B$3) | G15: =MAX(Parametros!$B$15,MAX(Parametros!$B$15,MIN(Parametros!$B$16,ROUND(INDEX(Parametros!$D$10:$D$13,MATCH($C15,Parametros!$A$10:$A$13,0))+INDEX(Parametros!$E$10:$E$13,MATCH($C15,Parametros!$A$10:$A$13,0))*$A15,0)))-Parametros!$B$3) | H15: =MIN(Parametros!$B$16,MAX(Parametros!$B$15,MIN(Parametros!$B$16,ROUND(INDEX(Parametros!$D$10:$D$13,MATCH($C15,Parametros!$A$10:$A$13,0))+INDEX(Parametros!$E$10:$E$13,MATCH($C15,Parametros!$A$10:$A$13,0))*$A15,0)))+Parametros!$B$3) | I15: =MAX(Parametros!$B$15,MAX(Parametros!$B$15,MIN(Parametros!$B$16,ROUND(INDEX(Parametros!$F$10:$F$13,MATCH($C15,Parametros!$A$10:$A$13,0))+INDEX(Parametros!$G$10:$G$13,MATCH($C15,Parametros!$A$10:$A$13,0))*$A15,0)))-Parametros!$B$3) | J15: =MIN(Parametros!$B$16,MAX(Parametros!$B$15,MIN(Parametros!$B$16,ROUND(INDEX(Parametros!$F$10:$F$13,MATCH($C15,Parametros!$A$10:$A$13,0))+INDEX(Parametros!$G$10:$G$13,MATCH($C15,Parametros!$A$10:$A$13,0))*$A15,0)))+Parametros!$B$3)
A16: 3 | B16: Raro | C16: DC | D16: Delantero | E16: =MAX(Parametros!$B$15,MAX(Parametros!$B$15,MIN(Parametros!$B$16,ROUND(INDEX(Parametros!$B$10:$B$13,MATCH($C16,Parametros!$A$10:$A$13,0))+INDEX(Parametros!$C$10:$C$13,MATCH($C16,Parametros!$A$10:$A$13,0))*$A16,0)))-Parametros!$B$3) | F16: =MIN(Parametros!$B$16,MAX(Parametros!$B$15,MIN(Parametros!$B$16,ROUND(INDEX(Parametros!$B$10:$B$13,MATCH($C16,Parametros!$A$10:$A$13,0))+INDEX(Parametros!$C$10:$C$13,MATCH($C16,Parametros!$A$10:$A$13,0))*$A16,0)))+Parametros!$B$3) | G16: =MAX(Parametros!$B$15,MAX(Parametros!$B$15,MIN(Parametros!$B$16,ROUND(INDEX(Parametros!$D$10:$D$13,MATCH($C16,Parametros!$A$10:$A$13,0))+INDEX(Parametros!$E$10:$E$13,MATCH($C16,Parametros!$A$10:$A$13,0))*$A16,0)))-Parametros!$B$3) | H16: =MIN(Parametros!$B$16,MAX(Parametros!$B$15,MIN(Parametros!$B$16,ROUND(INDEX(Parametros!$D$10:$D$13,MATCH($C16,Parametros!$A$10:$A$13,0))+INDEX(Parametros!$E$10:$E$13,MATCH($C16,Parametros!$A$10:$A$13,0))*$A16,0)))+Parametros!$B$3) | I16: =MAX(Parametros!$B$15,MAX(Parametros!$B$15,MIN(Parametros!$B$16,ROUND(INDEX(Parametros!$F$10:$F$13,MATCH($C16,Parametros!$A$10:$A$13,0))+INDEX(Parametros!$G$10:$G$13,MATCH($C16,Parametros!$A$10:$A$13,0))*$A16,0)))-Parametros!$B$3) | J16: =MIN(Parametros!$B$16,MAX(Parametros!$B$15,MIN(Parametros!$B$16,ROUND(INDEX(Parametros!$F$10:$F$13,MATCH($C16,Parametros!$A$10:$A$13,0))+INDEX(Parametros!$G$10:$G$13,MATCH($C16,Parametros!$A$10:$A$13,0))*$A16,0)))+Parametros!$B$3)
... A28: 6 | B28: SRF | C28: DC | D28: Delantero | E28: =MAX(Parametros!$B$15,MAX(Parametros!$B$15,MIN(Parametros!$B$16,ROUND(INDEX(Parametros!$B$10:$B$13,MATCH($C28,Parametros!$A$10:$A$13,0))+INDEX(Parametros!$C$10:$C$13,MATCH($C28,Parametros!$A$10:$A$13,0))*$A28,0)))-Parametros!$B$3) | F28: =MIN(Parametros!$B$16,MAX(Parametros!$B$15,MIN(Parametros!$B$16,ROUND(INDEX(Parametros!$B$10:$B$13,MATCH($C28,Parametros!$A$10:$A$13,0))+INDEX(Parametros!$C$10:$C$13,MATCH($C28,Parametros!$A$10:$A$13,0))*$A28,0)))+Parametros!$B$3) | G28: =MAX(Parametros!$B$15,MAX(Parametros!$B$15,MIN(Parametros!$B$16,ROUND(INDEX(Parametros!$D$10:$D$13,MATCH($C28,Parametros!$A$10:$A$13,0))+INDEX(Parametros!$E$10:$E$13,MATCH($C28,Parametros!$A$10:$A$13,0))*$A28,0)))-Parametros!$B$3) | H28: =MIN(Parametros!$B$16,MAX(Parametros!$B$15,MIN(Parametros!$B$16,ROUND(INDEX(Parametros!$D$10:$D$13,MATCH($C28,Parametros!$A$10:$A$13,0))+INDEX(Parametros!$E$10:$E$13,MATCH($C28,Parametros!$A$10:$A$13,0))*$A28,0)))+Parametros!$B$3) | I28: =MAX(Parametros!$B$15,MAX(Parametros!$B$15,MIN(Parametros!$B$16,ROUND(INDEX(Parametros!$F$10:$F$13,MATCH($C28,Parametros!$A$10:$A$13,0))+INDEX(Parametros!$G$10:$G$13,MATCH($C28,Parametros!$A$10:$A$13,0))*$A28,0)))-Parametros!$B$3) | J28: =MIN(Parametros!$B$16,MAX(Parametros!$B$15,MIN(Parametros!$B$16,ROUND(INDEX(Parametros!$F$10:$F$13,MATCH($C28,Parametros!$A$10:$A$13,0))+INDEX(Parametros!$G$10:$G$13,MATCH($C28,Parametros!$A$10:$A$13,0))*$A28,0)))+Parametros!$B$3)
A30: Ejemplo de fila válida (no la insertes, es solo para ver el formato):
A31: Raro · Delantero · ataque 78 · defensa 57 · técnica 68 — dentro de los tres rangos de su fila.

Sheet Parametros
A1: Parámetros del modelo
A3: Anchura de banda (±) | B3: 7 | C3: <- EDITA AQUÍ. Sube este número para que las rarezas se solapen más.
A5: Cada estadística sigue una recta: valor = a + b × rareza
A6: Ajustada por mínimos cuadrados sobre las 38 cartas de jugador que ya existen en la base de datos.
A7: Desviación máxima de una carta real respecto a su recta: 5,6 puntos.
A9: Posición | B9: a (ataque) | C9: b (ataque) | D9: a (defensa) | E9: b (defensa) | F9: a (técnica) | G9: b (técnica)
A10: POR | B10: 22.48 | C10: 7.91 | D10: 63 | E10: 6 | F10: 51.97 | G10: 6.83
A11: DF | B11: 37 | C11: 6.5 | D11: 57.13 | E11: 7.25 | F11: 47 | G11: 6.5
A12: MC | B12: 46.86 | C12: 7.98 | D12: 48.14 | E12: 8.02 | F12: 54.86 | G12: 8.33
A13: DC | B13: 63.09 | C13: 6.52 | D13: 35.78 | E13: 7.91 | F13: 48.48 | G13: 8.22
A15: Suelo y techo de cualquier estadística
A16: Mínimo | B16: 20
A17: Máximo | B17: 99

Sheet Uso
A1: Cómo usar esta hoja
A3: Para qué sirve
A4: Al crear una carta nueva, busca su fila por RAREZA y POSICIÓN en la hoja Rangos y elige las tres estadísticas dentro de sus rangos. Nada más.
A6: De dónde salen los números
A7: No están inventados: se ajustó una recta (valor = a + b × rareza) sobre las 38 cartas de jugador que ya existen, por posición y estadística. Las cartas actuales se desvían como mucho 5,6 puntos de esa recta, así que la progresión original del catálogo se respeta.
A9: Por qué los rangos se solapan a propósito
A10: Un Raro fuerte llega donde un Épico flojo. Es deliberado: si cada rareza empezara donde acaba la anterior, la rareza sería el destino y ninguna decisión de construcción podría compensarla. El solape es lo que deja sitio a que jugar bien importe.
A12: Las tres estadísticas no son intercambiables
A13: Cada línea del campo puntúa con una mezcla distinta (Tcg::PESOS_LINEA): la portería pesa sobre todo Defensa, el medio sobre todo Técnica, y el ataque sobre todo Ataque. Por eso un portero tiene el ataque bajo y un delantero la defensa baja: no es adorno, es lo que hace que colocarlos en su sitio rinda.
A15: Cartas que no son jugadores
A16: Entrenadores, gerentes y escudos van con 0 en las tres estadísticas, como los que ya hay. Esta hoja no aplica a ellos.
A18: Si quieres cambiar el equilibrio
A19: Sube la anchura en la hoja Parametros (celda B3) y toda la tabla se recalcula. Lee antes la hoja Verificacion: ensanchar las bandas mueve el equilibrio mucho menos de lo que parece.

Sheet Verificacion
A1: Verificación del equilibrio
A2: Medido pasando equipos completos por el motor real del juego (fuerza de alineación → compos → fórmula maestra → curva Elo), sobre una copia desechable de la base de datos.
A4: El objetivo pedido: que un equipo bien pensado pueda ganar a uno de todo SRF
A5: No se cumple hoy, y la causa NO son los rangos.
A7: Probabilidad de que gane el equipo de rareza baja (anchura 7, K 400) | B7: p(victoria)
A8: Raro monotipo, bien colocado, contra SRF surtido | B8: 11,2%
A9: Raro SURTIDO (mal pensado) contra SRF surtido | B9: 11,0%
A10: Épico monotipo contra SRF surtido | B10: 24,4%
A11: Épico monotipo contra SRF monotipo | B11: 41,8%
A13: Lo más grave está en las dos primeras filas: pensar bien el equipo aporta 0,2 puntos. El sistema de compos actual premia MEZCLAR afinidades (un equipo surtido activa 8 rasgos) por encima de enfocarlas (un monotipo activa 4). Es el hallazgo 1 de la sección 10.6 de la documentación del proyecto, ahora medido.
A15: Ensanchar las bandas casi no mueve el resultado
A16: Anchura de banda | B16: p(Raro gana a SRF) | C16: p(Épico gana a SRF)
A17: ±7 | B17: 11,2% | C17: 24,4%
A18: ±12 | B18: 14,7% | C18: 30,3%
A19: ±18 | B19: 19,5% | C19: 33,7%
A20: ±25 | B20: 22,9% | C20: 34,5%
A21: Con ±25 la rareza ya casi no significa nada, y aun así el Raro se queda en el 23%.
A23: La K de la curva Elo sí lo mueve (es un valor de la tabla configuracion)
A24: duelo_k | B24: p(Raro gana a SRF) | C24: p(Épico gana a SRF)
A25: 400 (actual) | B25: 11,2% | C25: 24,4%
A26: 700 | B26: 23,4% | C26: 34,4%
A27: 1000 | B27: 30,4% | C27: 38,9%
A28: 1500 | B28: 36,5% | C28: 42,5%
A30: Conclusión
A31: Los rangos de esta hoja son correctos y utilizables: respetan la progresión del catálogo y dejan solape entre rarezas. Pero para que un equipo bien pensado gane a uno de todo SRF hacen falta dos cambios que NO son de rangos: (1) que los compos premien enfocar afinidades en vez de mezclarlas, y (2) subir duelo_k. Los dos son decisiones de balance, no de datos de carta.
